{
  "n_weights_dim": 100,
  "alpha": 50.0,
  "beta": 12.5,
  "dt": 0.0166015625,
  "n_dim": 12,
  "tau_original": 6.8564453125,
  "dim_priorities": [
    5,
    2,
    8,
    11,
    10,
    7,
    1,
    4,
    3,
    0,
    9,
    6
  ],
  "start": [
    0.034539252519607544,
    0.756195604801178,
    -1.589152455329895,
    -0.042260050773620605,
    0.7633108496665955,
    -1.544889211654663,
    0.0806770920753479,
    0.8254348635673523,
    -1.560117483139038,
    -0.06665855646133423,
    0.8608897924423218,
    -1.4926804304122925
  ],
  "goal_original": [
    0.033752039074897766,
    0.728945791721344,
    -1.5937809944152832,
    -0.04807332158088684,
    0.7416018843650818,
    -1.581238031387329,
    0.07425825297832489,
    0.7907670736312866,
    -1.5441941022872925,
    -0.06002777814865112,
    0.8251320123672485,
    -1.5066291093826294
  ]
}