{
  "n_weights_dim": 100,
  "alpha": 50.0,
  "beta": 12.5,
  "dt": 0.01666259765625,
  "n_dim": 12,
  "tau_original": 1.99951171875,
  "dim_priorities": [
    1,
    7,
    10,
    4,
    0,
    3,
    11,
    9,
    6,
    5,
    8,
    2
  ],
  "start": [
    -0.07700317353010178,
    0.7318221926689148,
    -1.4146116971969604,
    0.04297119379043579,
    0.7382713556289673,
    -1.50429105758667,
    -0.01045827567577362,
    0.7480454444885254,
    -1.4370906352996826,
    0.13565587997436523,
    0.6938486099243164,
    -1.388056993484497
  ],
  "goal_original": [
    -0.07730594277381897,
    0.7328819036483765,
    -1.4146274328231812,
    0.04269871115684509,
    0.7389677166938782,
    -1.5042752027511597,
    -0.010427996516227722,
    0.7490749359130859,
    -1.4371222257614136,
    0.13571643829345703,
    0.6943936347961426,
    -1.3881360292434692
  ]
}