{
  "n_weights_dim": 100,
  "alpha": 50.0,
  "beta": 12.5,
  "dt": 0.01666259765625,
  "n_dim": 12,
  "tau_original": 3.4324951171875,
  "dim_priorities": [
    0,
    10,
    3,
    11,
    2,
    5,
    6,
    9,
    4,
    7,
    1,
    8
  ],
  "start": [
    -0.041699573397636414,
    0.675294041633606,
    -1.4452893733978271,
    0.051115840673446655,
    0.7257364392280579,
    -1.469016432762146,
    0.04840124398469925,
    0.8763919472694397,
    -1.394328236579895,
    0.015575230121612549,
    0.8477796316146851,
    -1.3997467756271362
  ],
  "goal_original": [
    0.02009686827659607,
    0.6565219759941101,
    -1.329750418663025,
    0.11009645462036133,
    0.7135043144226074,
    -1.340713381767273,
    0.08206985890865326,
    0.9291051030158997,
    -1.3974876403808594,
    0.05178713798522949,
    0.9285297989845276,
    -1.426017165184021
  ]
}