{
  "n_weights_dim": 100,
  "alpha": 50.0,
  "beta": 12.5,
  "dt": 0.01666259765625,
  "n_dim": 12,
  "tau_original": 2.9326171875,
  "dim_priorities": [
    7,
    5,
    9,
    8,
    0,
    10,
    6,
    3,
    11,
    2,
    1,
    4
  ],
  "start": [
    -0.01899142563343048,
    0.7763906717300415,
    -1.390252709388733,
    0.0019451379776000977,
    0.7800543308258057,
    -1.4129055738449097,
    -0.025173157453536987,
    0.8092060685157776,
    -1.4470901489257812,
    0.09063321352005005,
    0.7784440517425537,
    -1.386919617652893
  ],
  "goal_original": [
    -0.007819019258022308,
    0.7580122351646423,
    -1.4559208154678345,
    0.019869446754455566,
    0.7645522356033325,
    -1.4279284477233887,
    -0.05517818033695221,
    0.7210077047348022,
    -1.3579636812210083,
    0.06674420833587646,
    0.7388107776641846,
    -1.3399078845977783
  ]
}