{
  "n_weights_dim": 100,
  "alpha": 50.0,
  "beta": 12.5,
  "dt": 0.0167236328125,
  "n_dim": 12,
  "tau_original": 6.053955078125,
  "dim_priorities": [
    1,
    10,
    2,
    5,
    11,
    7,
    6,
    0,
    9,
    3,
    4,
    8
  ],
  "start": [
    -0.026379145681858063,
    0.8151459097862244,
    -1.5176711082458496,
    -0.03075459599494934,
    0.7315800189971924,
    -1.5225207805633545,
    -0.02620258927345276,
    0.7364189624786377,
    -1.5637823343276978,
    -0.03374689817428589,
    0.708836019039154,
    -1.5420459508895874
  ],
  "goal_original": [
    0.02357877790927887,
    0.843818724155426,
    -1.4888732433319092,
    -0.011982530355453491,
    0.7386347055435181,
    -1.5259170532226562,
    0.02687392383813858,
    0.7537679672241211,
    -1.5228365659713745,
    -0.04655426740646362,
    0.7372061014175415,
    -1.5503709316253662
  ]
}