{
  "n_weights_dim": 100,
  "alpha": 50.0,
  "beta": 12.5,
  "dt": 0.016666666666666666,
  "n_dim": 12,
  "tau_original": 25.25,
  "dim_priorities": [
    3,
    9,
    0,
    6,
    11,
    2,
    5,
    8,
    10,
    4,
    1,
    7
  ],
  "start": [
    -0.00784929096698761,
    0.7766631841659546,
    -1.4559049606323242,
    0.01962721347808838,
    0.7834151387214661,
    -1.427912712097168,
    -0.05517818033695221,
    0.737963080406189,
    -1.3580268621444702,
    0.06680476665496826,
    0.7569773197174072,
    -1.3400815725326538
  ],
  "goal_original": [
    0.0734458714723587,
    0.7553175091743469,
    -1.408134937286377,
    0.10034710168838501,
    0.8037919402122498,
    -1.4608335494995117,
    0.031445831060409546,
    0.7199176549911499,
    -1.3167177438735962,
    0.15391325950622559,
    0.7755071520805359,
    -1.3703328371047974
  ]
}