{
  "n_weights_dim": 100,
  "alpha": 50.0,
  "beta": 12.5,
  "dt": 0.01666259765625,
  "n_dim": 12,
  "tau_original": 3.0325927734375,
  "dim_priorities": [
    3,
    9,
    0,
    6,
    11,
    2,
    5,
    8,
    10,
    4,
    1,
    7
  ],
  "start": [
    -0.00784929096698761,
    0.7766631841659546,
    -1.4559049606323242,
    0.01962721347808838,
    0.7834151387214661,
    -1.427912712097168,
    -0.05517818033695221,
    0.737963080406189,
    -1.3580268621444702,
    0.06680476665496826,
    0.7569773197174072,
    -1.3400815725326538
  ],
  "goal_original": [
    0.0734155923128128,
    0.7552569508552551,
    -1.4081190824508667,
    0.1002562940120697,
    0.8037616610527039,
    -1.460849404335022,
    0.03138527274131775,
    0.7198570966720581,
    -1.316701889038086,
    0.15391325950622559,
    0.7754163146018982,
    -1.370316982269287
  ]
}