{
  "n_weights_dim": 100,
  "alpha": 50.0,
  "beta": 12.5,
  "dt": 0.016666666666666666,
  "n_dim": 48,
  "tau_original": 8.116666666666667,
  "dim_priorities": [
    9,
    29,
    27,
    3,
    8,
    28,
    4,
    25,
    7,
    1,
    5,
    26,
    6,
    2,
    0,
    30,
    10,
    18,
    17,
    16,
    12,
    15,
    14,
    13,
    20,
    11,
    19,
    47,
    21,
    22,
    45,
    44,
    43,
    42,
    41,
    40,
    39,
    38,
    37,
    36,
    35,
    34,
    33,
    32,
    31,
    24,
    46,
    23
  ],
  "start": [
    4.844940077485809e-05,
    -0.03542056903842761,
    -8.819482460654178e-05,
    -0.0003461499385104892,
    -0.17290912987537774,
    1.571179063049174,
    0.17362834409018305,
    -1.2246423899010856,
    -0.5228170019022721,
    0.0012148213447203283,
    4.7455925019916275e-05,
    0.0,
    0.0,
    0.0,
    0.0,
    0.0,
    0.0,
    0.0,
    0.0,
    0.0,
    0.0,
    0.0,
    0.0,
    0.0,
    0.0,
    1.5712468842234444,
    -0.17338892534786823,
    1.2254751880715584,
    0.5217806313528086,
    -3.680037720900705e-05,
    6.661514285633285e-05,
    0.0,
    0.0,
    0.0,
    0.0,
    0.0,
    0.0,
    0.0,
    0.0,
    0.0,
    0.0,
    0.0,
    0.0,
    0.0,
    0.0,
    0.0,
    0.0,
    0.0
  ],
  "goal_original": [
    4.116328548814161e-05,
    -0.03580572416715726,
    0.0007120870969174172,
    0.002957108311183465,
    -0.17394960506890061,
    1.5714336915209726,
    0.175762773639938,
    -1.234404236507979,
    -0.5097745937945096,
    0.016942352303754807,
    0.0006107112177816774,
    0.0,
    0.0,
    0.0,
    0.0,
    0.0,
    0.0,
    0.0,
    0.0,
    0.0,
    0.0,
    0.0,
    0.0,
    0.0,
    0.0,
    1.569058993134662,
    -0.1758440987540175,
    1.2327327030285502,
    0.5302106435778606,
    -0.007454280349181926,
    0.0005277433429527672,
    0.0,
    0.0,
    0.0,
    0.0,
    0.0,
    0.0,
    0.0,
    0.0,
    0.0,
    0.0,
    0.0,
    0.0,
    0.0,
    0.0,
    0.0,
    0.0,
    0.0
  ]
}