{
  "n_weights_dim": 100,
  "alpha": 50.0,
  "beta": 12.5,
  "dt": 0.016666666666666666,
  "n_dim": 48,
  "tau_original": 4.6,
  "dim_priorities": [
    9,
    7,
    5,
    8,
    3,
    28,
    4,
    6,
    29,
    26,
    1,
    2,
    0,
    25,
    27,
    10,
    30,
    18,
    17,
    16,
    12,
    15,
    14,
    13,
    20,
    11,
    19,
    47,
    21,
    22,
    45,
    44,
    43,
    42,
    41,
    40,
    39,
    38,
    37,
    36,
    35,
    34,
    33,
    32,
    31,
    24,
    46,
    23
  ],
  "start": [
    0.0010813545366994497,
    -0.03728187260779187,
    -0.0003092314637065914,
    -0.00025722666301959804,
    -0.17000986034770507,
    1.565180419793022,
    0.1776691203560277,
    -1.2079423245202567,
    -0.5258779523515614,
    0.004991535272789783,
    0.00013082640720002173,
    0.0,
    0.0,
    0.0,
    0.0,
    0.0,
    0.0,
    0.0,
    0.0,
    0.0,
    0.0,
    0.0,
    0.0,
    0.0,
    0.0,
    1.5708066282395927,
    -0.17520368823656093,
    1.2217601792578499,
    0.5298606387724275,
    8.405708508730927e-05,
    1.7775437042300995e-05,
    0.0,
    0.0,
    0.0,
    0.0,
    0.0,
    0.0,
    0.0,
    0.0,
    0.0,
    0.0,
    0.0,
    0.0,
    0.0,
    0.0,
    0.0,
    0.0,
    0.0
  ],
  "goal_original": [
    5.611758936915936e-05,
    -0.0363526986430218,
    -0.0006144403692026889,
    0.0013481895107430096,
    -0.17354095714956172,
    1.5673116245223204,
    0.1749077677766218,
    -1.2243349625094477,
    -0.5258699155020674,
    -0.0038553271539908335,
    0.00038774818906049256,
    0.0,
    0.0,
    0.0,
    0.0,
    0.0,
    0.0,
    0.0,
    0.0,
    0.0,
    0.0,
    0.0,
    0.0,
    0.0,
    0.0,
    1.5713731766056795,
    -0.1748117974750616,
    1.2212915100635182,
    0.5260738431203054,
    -0.0022046262385308534,
    -0.00035964411910683215,
    0.0,
    0.0,
    0.0,
    0.0,
    0.0,
    0.0,
    0.0,
    0.0,
    0.0,
    0.0,
    0.0,
    0.0,
    0.0,
    0.0,
    0.0,
    0.0,
    0.0
  ]
}