{
  "n_weights_dim": 100,
  "alpha": 50.0,
  "beta": 12.5,
  "dt": 0.016666666666666666,
  "n_dim": 48,
  "tau_original": 2.95,
  "dim_priorities": [
    9,
    3,
    27,
    4,
    25,
    8,
    1,
    28,
    0,
    6,
    2,
    26,
    29,
    10,
    30,
    5,
    7,
    18,
    17,
    16,
    12,
    15,
    14,
    13,
    20,
    11,
    19,
    47,
    21,
    22,
    45,
    44,
    43,
    42,
    41,
    40,
    39,
    38,
    37,
    36,
    35,
    34,
    33,
    32,
    31,
    24,
    46,
    23
  ],
  "start": [
    -0.0015087464537025398,
    -0.03675645023303694,
    -5.036892143933282e-05,
    -0.0004411996625042131,
    -0.18453743527834401,
    1.5705394852185501,
    0.17210493646977734,
    -1.2218087612377306,
    -0.5241389873087787,
    -0.00048632679267860904,
    0.0005703624093080638,
    0.0,
    0.0,
    0.0,
    0.0,
    0.0,
    0.0,
    0.0,
    0.0,
    0.0,
    0.0,
    0.0,
    0.0,
    0.0,
    0.0,
    1.570366651278243,
    -0.17218429878124633,
    1.2215228465902312,
    0.5239572540139259,
    -3.234112237171555e-05,
    0.0005660515433207295,
    0.0,
    0.0,
    0.0,
    0.0,
    0.0,
    0.0,
    0.0,
    0.0,
    0.0,
    0.0,
    0.0,
    0.0,
    0.0,
    0.0,
    0.0,
    0.0,
    0.0
  ],
  "goal_original": [
    0.00042521781782708327,
    -0.0363149740337019,
    -4.500845251978469e-05,
    -0.0035233725251655424,
    -0.1720622031832591,
    1.5707918962228384,
    0.1750680769192344,
    -1.2217954273533858,
    -0.5250770619834285,
    -0.0004206478888615694,
    -9.338817675344892e-05,
    0.0,
    0.0,
    0.0,
    0.0,
    0.0,
    0.0,
    0.0,
    0.0,
    0.0,
    0.0,
    0.0,
    0.0,
    0.0,
    0.0,
    1.5691450312289907,
    -0.17517344654200434,
    1.2196025653045444,
    0.5249913586674783,
    0.0002737867353593366,
    -0.0001225582075819584,
    0.0,
    0.0,
    0.0,
    0.0,
    0.0,
    0.0,
    0.0,
    0.0,
    0.0,
    0.0,
    0.0,
    0.0,
    0.0,
    0.0,
    0.0,
    0.0,
    0.0
  ]
}