{
  "n_weights_dim": 100,
  "alpha": 50.0,
  "beta": 12.5,
  "dt": 0.016666666666666666,
  "n_dim": 48,
  "tau_original": 3.6333333333333333,
  "dim_priorities": [
    29,
    9,
    4,
    28,
    7,
    8,
    1,
    27,
    6,
    26,
    0,
    2,
    5,
    25,
    10,
    30,
    3,
    18,
    17,
    16,
    12,
    15,
    14,
    13,
    20,
    11,
    19,
    47,
    21,
    22,
    45,
    44,
    43,
    42,
    41,
    40,
    39,
    38,
    37,
    36,
    35,
    34,
    33,
    32,
    31,
    24,
    46,
    23
  ],
  "start": [
    -0.000359956172773787,
    -0.03516533053728998,
    -4.1921348853898704e-05,
    2.2785872769015514e-09,
    -0.17493808775034875,
    1.5702499578575921,
    0.17301652166421116,
    -1.2213804463869713,
    -0.5235399303345926,
    -0.0005629235919429395,
    0.0004985289528018874,
    0.0,
    0.0,
    0.0,
    0.0,
    0.0,
    0.0,
    0.0,
    0.0,
    0.0,
    0.0,
    0.0,
    0.0,
    0.0,
    0.0,
    1.5705982691306262,
    -0.1738793744992505,
    1.2218925014939006,
    0.5235466817739164,
    -0.0004590419034869056,
    0.00020562116383921643,
    0.0,
    0.0,
    0.0,
    0.0,
    0.0,
    0.0,
    0.0,
    0.0,
    0.0,
    0.0,
    0.0,
    0.0,
    0.0,
    0.0,
    0.0,
    0.0,
    0.0
  ],
  "goal_original": [
    -5.581246998048488e-05,
    -0.03541019868521272,
    -9.246406273175211e-05,
    -1.7217539361050994e-08,
    -0.1778001835801126,
    1.5706101146019642,
    0.17517355899875364,
    -1.2229800135304338,
    -0.5235751567105529,
    -0.004878825155981854,
    -2.8584927708548988e-05,
    0.0,
    0.0,
    0.0,
    0.0,
    0.0,
    0.0,
    0.0,
    0.0,
    0.0,
    0.0,
    0.0,
    0.0,
    0.0,
    0.0,
    1.5706256239343295,
    -0.17540541929002243,
    1.2230831373045306,
    0.5234537610189373,
    0.005551833972476696,
    -7.421834274097083e-05,
    0.0,
    0.0,
    0.0,
    0.0,
    0.0,
    0.0,
    0.0,
    0.0,
    0.0,
    0.0,
    0.0,
    0.0,
    0.0,
    0.0,
    0.0,
    0.0,
    0.0
  ]
}