{
  "n_weights_dim": 100,
  "alpha": 50.0,
  "beta": 12.5,
  "dt": 0.016666666666666666,
  "n_dim": 48,
  "tau_original": 2.1,
  "dim_priorities": [
    25,
    5,
    27,
    28,
    7,
    29,
    8,
    9,
    26,
    6,
    1,
    0,
    2,
    4,
    3,
    18,
    17,
    12,
    16,
    15,
    14,
    13,
    20,
    11,
    10,
    19,
    47,
    21,
    37,
    45,
    44,
    43,
    42,
    41,
    40,
    39,
    38,
    36,
    22,
    35,
    34,
    33,
    32,
    31,
    30,
    24,
    46,
    23
  ],
  "start": [
    -0.010035702172691853,
    -0.04003506574958025,
    -2.904273568543576e-06,
    -1.4187501236845784e-09,
    -0.19999995195653097,
    1.5590819026954787,
    0.14236462953940468,
    -1.2284303606969442,
    -0.5228554548154767,
    -0.0007584925164552396,
    0.0,
    0.0,
    0.0,
    0.0,
    0.0,
    0.0,
    0.0,
    0.0,
    0.0,
    0.0,
    0.0,
    0.0,
    0.0,
    0.0,
    0.0,
    1.5593872490141378,
    -0.14231217364514637,
    1.2281887744119067,
    0.5228934289041417,
    0.0008492535038838992,
    0.0,
    0.0,
    0.0,
    0.0,
    0.0,
    0.0,
    0.0,
    0.0,
    0.0,
    0.0,
    0.0,
    0.0,
    0.0,
    0.0,
    0.0,
    0.0,
    0.0,
    0.0
  ],
  "goal_original": [
    -0.08058319474921012,
    0.054739634545121034,
    0.03664867757622465,
    6.442635598240439e-06,
    -0.20023170728464018,
    -0.6793817084502157,
    0.31967184218397815,
    -1.3254054732953255,
    -0.7020299165757915,
    0.5304491027044868,
    0.0,
    0.0,
    0.0,
    0.0,
    0.0,
    0.0,
    0.0,
    0.0,
    0.0,
    0.0,
    0.0,
    0.0,
    0.0,
    0.0,
    0.0,
    -0.6843025710450293,
    -0.4022788534636186,
    1.4767670708170142,
    0.6462966041016829,
    -0.7625642061888621,
    0.0,
    0.0,
    0.0,
    0.0,
    0.0,
    0.0,
    0.0,
    0.0,
    0.0,
    0.0,
    0.0,
    0.0,
    0.0,
    0.0,
    0.0,
    0.0,
    0.0,
    0.0
  ]
}