{
  "n_weights_dim": 100,
  "alpha": 50.0,
  "beta": 12.5,
  "dt": 0.016666666666666666,
  "n_dim": 48,
  "tau_original": 2.2333333333333334,
  "dim_priorities": [
    9,
    29,
    25,
    8,
    27,
    28,
    4,
    7,
    5,
    6,
    26,
    1,
    2,
    0,
    30,
    10,
    3,
    18,
    17,
    16,
    12,
    15,
    14,
    13,
    20,
    11,
    19,
    47,
    21,
    22,
    45,
    44,
    43,
    42,
    41,
    40,
    39,
    38,
    37,
    36,
    35,
    34,
    33,
    32,
    31,
    24,
    46,
    23
  ],
  "start": [
    0.0012743998667522813,
    -0.043017397581721475,
    -0.004602442866632126,
    0.00013620304985365543,
    -0.1960998115074051,
    1.542437782183078,
    0.18541782676962756,
    -1.2682068709380472,
    -0.5837635218854972,
    -0.12857629294735207,
    0.0011609563159935272,
    0.0,
    0.0,
    0.0,
    0.0,
    0.0,
    0.0,
    0.0,
    0.0,
    0.0,
    0.0,
    0.0,
    0.0,
    0.0,
    0.0,
    1.541805259248059,
    -0.18552265273699373,
    1.2673242201768398,
    0.5828532929337131,
    0.1245709035842057,
    0.0011378448373429518,
    0.0,
    0.0,
    0.0,
    0.0,
    0.0,
    0.0,
    0.0,
    0.0,
    0.0,
    0.0,
    0.0,
    0.0,
    0.0,
    0.0,
    0.0,
    0.0,
    0.0
  ],
  "goal_original": [
    -0.000716909365894096,
    -0.03529017226959686,
    0.0006577118238814617,
    5.865399186933544e-11,
    -0.17692096657994308,
    1.5629306385189592,
    0.17376911204314816,
    -1.2259714542624156,
    -0.5324756029640971,
    -0.042425382781810586,
    0.00044426619195024467,
    0.0,
    0.0,
    0.0,
    0.0,
    0.0,
    0.0,
    0.0,
    0.0,
    0.0,
    0.0,
    0.0,
    0.0,
    0.0,
    0.0,
    1.5594379070323379,
    -0.17503494274081224,
    1.2230315244833498,
    0.5355053936947134,
    0.031634744111837254,
    7.228191326500637e-05,
    0.0,
    0.0,
    0.0,
    0.0,
    0.0,
    0.0,
    0.0,
    0.0,
    0.0,
    0.0,
    0.0,
    0.0,
    0.0,
    0.0,
    0.0,
    0.0,
    0.0
  ]
}