{
  "n_weights_dim": 100,
  "alpha": 50.0,
  "beta": 12.5,
  "dt": 0.016666666666666666,
  "n_dim": 48,
  "tau_original": 1.3166666666666667,
  "dim_priorities": [
    29,
    28,
    25,
    27,
    3,
    4,
    26,
    8,
    9,
    5,
    7,
    0,
    6,
    1,
    2,
    18,
    17,
    12,
    16,
    15,
    14,
    13,
    20,
    11,
    10,
    19,
    47,
    21,
    37,
    45,
    44,
    43,
    42,
    41,
    40,
    39,
    38,
    36,
    22,
    35,
    34,
    33,
    32,
    31,
    30,
    24,
    46,
    23
  ],
  "start": [
    -0.0100706613407264,
    -0.04001811133742978,
    2.2463716386838153e-09,
    -0.001217426114584683,
    -0.20013080458284535,
    1.5592576107960705,
    0.1419586528157952,
    -1.229666428962862,
    -0.5230204575552839,
    -0.0007263075064849395,
    0.0,
    0.0,
    0.0,
    0.0,
    0.0,
    0.0,
    0.0,
    0.0,
    0.0,
    0.0,
    0.0,
    0.0,
    0.0,
    0.0,
    0.0,
    1.5582412743964038,
    -0.1422791607041719,
    1.2297147335084986,
    0.5231763863881783,
    -0.0005658237506927875,
    0.0,
    0.0,
    0.0,
    0.0,
    0.0,
    0.0,
    0.0,
    0.0,
    0.0,
    0.0,
    0.0,
    0.0,
    0.0,
    0.0,
    0.0,
    0.0,
    0.0,
    0.0
  ],
  "goal_original": [
    -0.04935271100728968,
    -0.05949311269345361,
    -8.133614180232885e-07,
    0.0012346571025046585,
    -0.5233441728020272,
    1.484070609825242,
    0.13580911541643478,
    -1.1549082259958996,
    -0.362873751728532,
    -0.18958923427697622,
    0.0,
    0.0,
    0.0,
    0.0,
    0.0,
    0.0,
    0.0,
    0.0,
    0.0,
    0.0,
    0.0,
    0.0,
    0.0,
    0.0,
    0.0,
    0.8001627460973216,
    -0.27627866850157884,
    1.3527175774388345,
    1.5407684296215836,
    -1.5591383421820166,
    0.0,
    0.0,
    0.0,
    0.0,
    0.0,
    0.0,
    0.0,
    0.0,
    0.0,
    0.0,
    0.0,
    0.0,
    0.0,
    0.0,
    0.0,
    0.0,
    0.0,
    0.0
  ]
}