{
  "n_weights_dim": 100,
  "alpha": 50.0,
  "beta": 12.5,
  "dt": 0.016666666666666666,
  "n_dim": 48,
  "tau_original": 2.283333333333333,
  "dim_priorities": [
    29,
    9,
    28,
    8,
    27,
    3,
    4,
    7,
    25,
    6,
    26,
    5,
    0,
    1,
    2,
    18,
    17,
    12,
    16,
    15,
    14,
    13,
    20,
    11,
    10,
    19,
    47,
    21,
    37,
    45,
    44,
    43,
    42,
    41,
    40,
    39,
    38,
    36,
    22,
    35,
    34,
    33,
    32,
    31,
    30,
    24,
    46,
    23
  ],
  "start": [
    -0.010202814441338345,
    -0.040187557567547036,
    -2.3395548451058555e-08,
    -1.2567495354815854e-07,
    -0.19979670962288168,
    1.5595149664404708,
    0.14347924571151224,
    -1.229117599894482,
    -0.5227458995576842,
    -0.0022459240863325356,
    0.0,
    0.0,
    0.0,
    0.0,
    0.0,
    0.0,
    0.0,
    0.0,
    0.0,
    0.0,
    0.0,
    0.0,
    0.0,
    0.0,
    0.0,
    1.5600626527148227,
    -0.14327913572260403,
    1.2287799041671421,
    0.522887471292162,
    0.0024003912462188855,
    0.0,
    0.0,
    0.0,
    0.0,
    0.0,
    0.0,
    0.0,
    0.0,
    0.0,
    0.0,
    0.0,
    0.0,
    0.0,
    0.0,
    0.0,
    0.0,
    0.0,
    0.0
  ],
  "goal_original": [
    -0.04990032115918169,
    -0.05991622045247971,
    -6.886614901968429e-06,
    0.000978573076221356,
    -0.5213092583445152,
    1.415606853267425,
    0.10670650968691407,
    -0.8525738773612491,
    -0.18865164088352282,
    -0.6936640652952409,
    0.0,
    0.0,
    0.0,
    0.0,
    0.0,
    0.0,
    0.0,
    0.0,
    0.0,
    0.0,
    0.0,
    0.0,
    0.0,
    0.0,
    0.0,
    1.4139196234217695,
    -0.12056172154865946,
    0.648998134316749,
    0.16064240355081097,
    0.7996837810347202,
    0.0,
    0.0,
    0.0,
    0.0,
    0.0,
    0.0,
    0.0,
    0.0,
    0.0,
    0.0,
    0.0,
    0.0,
    0.0,
    0.0,
    0.0,
    0.0,
    0.0,
    0.0
  ]
}