{
  "n_weights_dim": 100,
  "alpha": 50.0,
  "beta": 12.5,
  "dt": 0.016666666666666666,
  "n_dim": 48,
  "tau_original": 3.15,
  "dim_priorities": [
    29,
    9,
    8,
    28,
    7,
    27,
    5,
    4,
    25,
    6,
    2,
    26,
    1,
    0,
    30,
    10,
    3,
    18,
    17,
    16,
    12,
    15,
    14,
    13,
    20,
    11,
    19,
    47,
    21,
    22,
    45,
    44,
    43,
    42,
    41,
    40,
    39,
    38,
    37,
    36,
    35,
    34,
    33,
    32,
    31,
    24,
    46,
    23
  ],
  "start": [
    0.0019316721165971882,
    -0.03760970394023235,
    0.000960811667813274,
    1.0989120983294863e-06,
    -0.17278537456814339,
    1.5678604532694789,
    0.17879891436429737,
    -1.2251021807842997,
    -0.5340847911536661,
    0.03056315738962568,
    0.0001259654762608499,
    0.0,
    0.0,
    0.0,
    0.0,
    0.0,
    0.0,
    0.0,
    0.0,
    0.0,
    0.0,
    0.0,
    0.0,
    0.0,
    0.0,
    1.566410825469035,
    -0.1770964610347219,
    1.2228650281091855,
    0.5266895844228453,
    0.016448040781494967,
    6.599352259639418e-05,
    0.0,
    0.0,
    0.0,
    0.0,
    0.0,
    0.0,
    0.0,
    0.0,
    0.0,
    0.0,
    0.0,
    0.0,
    0.0,
    0.0,
    0.0,
    0.0,
    0.0
  ],
  "goal_original": [
    6.593891767842578e-05,
    -0.03493306451954581,
    0.00040202875941725913,
    1.267552876663022e-08,
    -0.17940253648568866,
    1.572195486352509,
    0.17466564987682512,
    -1.2316382974031659,
    -0.5247897319388015,
    -1.1314645390530254e-05,
    0.0003143764216027756,
    0.0,
    0.0,
    0.0,
    0.0,
    0.0,
    0.0,
    0.0,
    0.0,
    0.0,
    0.0,
    0.0,
    0.0,
    0.0,
    0.0,
    1.5663861180481415,
    -0.1745335789102925,
    1.227523500470592,
    0.5236018556547232,
    0.05787887733825692,
    0.0004646072557316354,
    0.0,
    0.0,
    0.0,
    0.0,
    0.0,
    0.0,
    0.0,
    0.0,
    0.0,
    0.0,
    0.0,
    0.0,
    0.0,
    0.0,
    0.0,
    0.0,
    0.0
  ]
}