{
  "n_weights_dim": 100,
  "alpha": 50.0,
  "beta": 12.5,
  "dt": 0.016666666666666666,
  "n_dim": 48,
  "tau_original": 1.9833333333333334,
  "dim_priorities": [
    9,
    29,
    8,
    28,
    7,
    5,
    27,
    4,
    3,
    25,
    26,
    6,
    1,
    0,
    2,
    18,
    17,
    12,
    16,
    15,
    14,
    13,
    20,
    11,
    10,
    19,
    47,
    21,
    37,
    45,
    44,
    43,
    42,
    41,
    40,
    39,
    38,
    36,
    22,
    35,
    34,
    33,
    32,
    31,
    30,
    24,
    46,
    23
  ],
  "start": [
    -0.010921448025342635,
    -0.040815628812972765,
    -4.213740143480766e-07,
    -0.0005018887982661139,
    -0.19994153253982455,
    1.5570075382831856,
    0.14171349574014996,
    -1.2296897479230418,
    -0.5241361890107523,
    -0.005878044774450585,
    0.0,
    0.0,
    0.0,
    0.0,
    0.0,
    0.0,
    0.0,
    0.0,
    0.0,
    0.0,
    0.0,
    0.0,
    0.0,
    0.0,
    0.0,
    1.5593270020563663,
    -0.14175716703526556,
    1.2305014188769188,
    0.5231726482871434,
    0.0023483388091049633,
    0.0,
    0.0,
    0.0,
    0.0,
    0.0,
    0.0,
    0.0,
    0.0,
    0.0,
    0.0,
    0.0,
    0.0,
    0.0,
    0.0,
    0.0,
    0.0,
    0.0,
    0.0
  ],
  "goal_original": [
    -0.050448945870403786,
    -0.06078170940695905,
    -3.568209933336249e-05,
    -5.5885640919528534e-05,
    -0.5231904812331787,
    1.3114497176397741,
    0.02143916504070038,
    -1.615181938212496,
    -0.7862082608465176,
    -0.8893730918044759,
    0.0,
    0.0,
    0.0,
    0.0,
    0.0,
    0.0,
    0.0,
    0.0,
    0.0,
    0.0,
    0.0,
    0.0,
    0.0,
    0.0,
    0.0,
    1.3408789965658907,
    -0.01719049414113024,
    1.4805618214496996,
    0.7005826466904369,
    1.0714398706778683,
    0.0,
    0.0,
    0.0,
    0.0,
    0.0,
    0.0,
    0.0,
    0.0,
    0.0,
    0.0,
    0.0,
    0.0,
    0.0,
    0.0,
    0.0,
    0.0,
    0.0,
    0.0
  ]
}