{
  "n_weights_dim": 100,
  "alpha": 50.0,
  "beta": 12.5,
  "dt": 0.016666666666666666,
  "n_dim": 48,
  "tau_original": 2.0,
  "dim_priorities": [
    8,
    28,
    6,
    26,
    7,
    27,
    5,
    1,
    25,
    29,
    0,
    9,
    2,
    4,
    3,
    18,
    17,
    12,
    16,
    15,
    14,
    13,
    20,
    11,
    10,
    19,
    47,
    21,
    37,
    45,
    44,
    43,
    42,
    41,
    40,
    39,
    38,
    36,
    22,
    35,
    34,
    33,
    32,
    31,
    30,
    24,
    46,
    23
  ],
  "start": [
    -0.010683033326101562,
    -0.04068747983482081,
    -7.402292908015924e-07,
    -7.276968361203243e-10,
    -0.1996472561160825,
    1.55820521283283,
    0.1414100549730277,
    -1.2298311950193686,
    -0.5225135978999536,
    -0.0017654845792008577,
    0.0,
    0.0,
    0.0,
    0.0,
    0.0,
    0.0,
    0.0,
    0.0,
    0.0,
    0.0,
    0.0,
    0.0,
    0.0,
    0.0,
    0.0,
    1.558918124190829,
    -0.14182348333721184,
    1.2302251230581291,
    0.5229929534377606,
    0.00045465036781699905,
    0.0,
    0.0,
    0.0,
    0.0,
    0.0,
    0.0,
    0.0,
    0.0,
    0.0,
    0.0,
    0.0,
    0.0,
    0.0,
    0.0,
    0.0,
    0.0,
    0.0,
    0.0
  ],
  "goal_original": [
    0.017442836409318745,
    -0.24802308105464604,
    -0.009213237269702298,
    3.953637930797871e-10,
    -0.20000004680667774,
    1.6401659387616179,
    0.7755817404909698,
    -0.6252507119458036,
    -1.5246491761474723,
    -0.035924414857518856,
    0.0,
    0.0,
    0.0,
    0.0,
    0.0,
    0.0,
    0.0,
    0.0,
    0.0,
    0.0,
    0.0,
    0.0,
    0.0,
    0.0,
    0.0,
    1.6371017934459853,
    -0.7796609216504822,
    0.6289902822534484,
    1.5249008261794101,
    0.036125659503583145,
    0.0,
    0.0,
    0.0,
    0.0,
    0.0,
    0.0,
    0.0,
    0.0,
    0.0,
    0.0,
    0.0,
    0.0,
    0.0,
    0.0,
    0.0,
    0.0,
    0.0,
    0.0
  ]
}