{
  "n_weights_dim": 100,
  "alpha": 50.0,
  "beta": 12.5,
  "dt": 0.016666666666666666,
  "n_dim": 48,
  "tau_original": 3.3166666666666664,
  "dim_priorities": [
    29,
    9,
    3,
    27,
    8,
    4,
    25,
    28,
    5,
    26,
    1,
    2,
    0,
    6,
    7,
    30,
    10,
    18,
    17,
    16,
    12,
    15,
    14,
    13,
    20,
    11,
    19,
    47,
    21,
    22,
    45,
    44,
    43,
    42,
    41,
    40,
    39,
    38,
    37,
    36,
    35,
    34,
    33,
    32,
    31,
    24,
    46,
    23
  ],
  "start": [
    0.0010216712451516902,
    -0.03657708351347324,
    0.0010026544056680317,
    -0.009623252910079764,
    -0.16930996131255985,
    1.569143028520471,
    0.17297150881345363,
    -1.2228370358634857,
    -0.5242753500463359,
    0.010447670661434988,
    0.00010824354273850836,
    0.0,
    0.0,
    0.0,
    0.0,
    0.0,
    0.0,
    0.0,
    0.0,
    0.0,
    0.0,
    0.0,
    0.0,
    0.0,
    0.0,
    1.574082407475451,
    -0.17381964559337856,
    1.2186992856003418,
    0.5201921567181609,
    0.0024375195163635695,
    -1.618168194331839e-05,
    0.0,
    0.0,
    0.0,
    0.0,
    0.0,
    0.0,
    0.0,
    0.0,
    0.0,
    0.0,
    0.0,
    0.0,
    0.0,
    0.0,
    0.0,
    0.0,
    0.0
  ],
  "goal_original": [
    0.0010963873187199882,
    -0.03486406986228786,
    0.0004346730909900046,
    -0.0003548639100384055,
    -0.17484965617840334,
    1.5711504915417944,
    0.17477522626315684,
    -1.2212430501416518,
    -0.5235835932601044,
    0.0002686560195904221,
    -0.00017630889332634824,
    0.0,
    0.0,
    0.0,
    0.0,
    0.0,
    0.0,
    0.0,
    0.0,
    0.0,
    0.0,
    0.0,
    0.0,
    0.0,
    0.0,
    1.5712608430203243,
    -0.17488997810778784,
    1.2228782663172448,
    0.5242639924262074,
    0.0024013866830664902,
    -8.993171166512875e-05,
    0.0,
    0.0,
    0.0,
    0.0,
    0.0,
    0.0,
    0.0,
    0.0,
    0.0,
    0.0,
    0.0,
    0.0,
    0.0,
    0.0,
    0.0,
    0.0,
    0.0
  ]
}