{
  "n_weights_dim": 100,
  "alpha": 50.0,
  "beta": 12.5,
  "dt": 0.016666666666666666,
  "n_dim": 48,
  "tau_original": 4.4,
  "dim_priorities": [
    8,
    9,
    5,
    7,
    29,
    28,
    6,
    4,
    26,
    25,
    27,
    30,
    10,
    16,
    17,
    18,
    47,
    12,
    15,
    14,
    13,
    20,
    11,
    3,
    2,
    1,
    19,
    23,
    21,
    22,
    45,
    44,
    43,
    42,
    41,
    40,
    39,
    38,
    37,
    36,
    35,
    34,
    33,
    32,
    31,
    24,
    46,
    0
  ],
  "start": [
    0.0,
    0.0,
    0.0,
    0.0,
    -0.17597012176971288,
    1.5705061405975431,
    0.1726273848603971,
    -1.2213445679244175,
    -0.5237066389774915,
    -0.0018742570359965198,
    0.00038596519938037874,
    0.0,
    0.0,
    0.0,
    0.0,
    0.0,
    0.0,
    0.0,
    0.0,
    0.0,
    0.0,
    0.0,
    0.0,
    0.0,
    0.0,
    1.5711095877985715,
    -0.17249637713374194,
    1.2218510282654582,
    0.5229847620153228,
    0.0012865877314768468,
    0.0003438762241727948,
    0.0,
    0.0,
    0.0,
    0.0,
    0.0,
    0.0,
    0.0,
    0.0,
    0.0,
    0.0,
    0.0,
    0.0,
    0.0,
    0.0,
    0.0,
    0.0,
    0.0
  ],
  "goal_original": [
    0.0,
    0.0,
    0.0,
    0.0,
    -0.17542471709452712,
    1.5690405360938195,
    0.17439967738762724,
    -1.2233137344833582,
    -0.5279843123453448,
    -0.009110504872446742,
    -0.00030719937220943534,
    0.0,
    0.0,
    0.0,
    0.0,
    0.0,
    0.0,
    0.0,
    0.0,
    0.0,
    0.0,
    0.0,
    0.0,
    0.0,
    0.0,
    1.5706514831771698,
    -0.1741061363249464,
    1.2218936840747965,
    0.5238963961018502,
    0.0001120440540390705,
    0.00031421483055519824,
    0.0,
    0.0,
    0.0,
    0.0,
    0.0,
    0.0,
    0.0,
    0.0,
    0.0,
    0.0,
    0.0,
    0.0,
    0.0,
    0.0,
    0.0,
    0.0,
    0.0
  ]
}