{
  "n_weights_dim": 100,
  "alpha": 50.0,
  "beta": 12.5,
  "dt": 0.016666666666666666,
  "n_dim": 48,
  "tau_original": 5.916666666666667,
  "dim_priorities": [
    29,
    9,
    7,
    28,
    8,
    5,
    26,
    25,
    3,
    6,
    27,
    4,
    1,
    2,
    0,
    30,
    10,
    18,
    17,
    16,
    12,
    15,
    14,
    13,
    20,
    11,
    19,
    47,
    21,
    22,
    45,
    44,
    43,
    42,
    41,
    40,
    39,
    38,
    37,
    36,
    35,
    34,
    33,
    32,
    31,
    24,
    46,
    23
  ],
  "start": [
    0.00033155659809940653,
    -0.034633986184944204,
    4.491396762128621e-05,
    0.0003088581067380094,
    -0.177314729785455,
    1.5720464789595225,
    0.174251225999222,
    -1.2234749346447336,
    -0.5186374963701642,
    0.0012576543000945698,
    7.916068733601155e-05,
    0.0,
    0.0,
    0.0,
    0.0,
    0.0,
    0.0,
    0.0,
    0.0,
    0.0,
    0.0,
    0.0,
    0.0,
    0.0,
    0.0,
    1.572717487180428,
    -0.17296525370259105,
    1.2266799277533726,
    0.5189339645079775,
    -0.0005387458658746539,
    5.7724293436181534e-05,
    0.0,
    0.0,
    0.0,
    0.0,
    0.0,
    0.0,
    0.0,
    0.0,
    0.0,
    0.0,
    0.0,
    0.0,
    0.0,
    0.0,
    0.0,
    0.0,
    0.0
  ],
  "goal_original": [
    -2.722879362334046e-05,
    -0.03537451935240601,
    0.0003536217887278718,
    0.0007189034018777869,
    -0.1930982421825071,
    1.5633618324268985,
    0.17831077224587746,
    -1.2087126230476146,
    -0.540193256004519,
    -0.0021053920965965747,
    0.0004877911181274164,
    0.0,
    0.0,
    0.0,
    0.0,
    0.0,
    0.0,
    0.0,
    0.0,
    0.0,
    0.0,
    0.0,
    0.0,
    0.0,
    0.0,
    1.564664865320271,
    -0.17961098263594608,
    1.2097719579465855,
    0.5409546214297942,
    0.0018913253778605112,
    0.00048389066479874714,
    0.0,
    0.0,
    0.0,
    0.0,
    0.0,
    0.0,
    0.0,
    0.0,
    0.0,
    0.0,
    0.0,
    0.0,
    0.0,
    0.0,
    0.0,
    0.0,
    0.0
  ]
}