{
  "n_weights_dim": 100,
  "alpha": 50.0,
  "beta": 12.5,
  "dt": 0.016666666666666666,
  "n_dim": 48,
  "tau_original": 4.783333333333333,
  "dim_priorities": [
    4,
    28,
    8,
    30,
    10,
    0,
    3,
    1,
    25,
    5,
    29,
    15,
    19,
    18,
    17,
    16,
    12,
    14,
    13,
    21,
    11,
    9,
    7,
    6,
    2,
    20,
    47,
    22,
    37,
    45,
    44,
    43,
    42,
    41,
    40,
    39,
    38,
    36,
    46,
    35,
    34,
    33,
    32,
    31,
    27,
    26,
    24,
    23
  ],
  "start": [
    0.021472447975550653,
    -0.010740566378908481,
    -0.019941800000000003,
    0.009206576379405114,
    0.0016381749206661282,
    1.5585194666169457,
    0.139592,
    -1.21031,
    -0.4003667907313623,
    -0.154976,
    0.4648546658414123,
    0.0,
    0.0,
    0.0,
    0.0,
    0.0,
    0.0,
    0.0,
    0.0,
    0.0,
    0.0,
    0.0,
    0.0,
    0.0,
    0.0,
    1.55084931415084,
    -0.15033,
    1.21491,
    0.4141739334325444,
    0.16102853328372782,
    0.48594462593091,
    0.0,
    0.0,
    0.0,
    0.0,
    0.0,
    0.0,
    0.0,
    0.0,
    0.0,
    0.0,
    0.0,
    0.0,
    0.0,
    0.0,
    0.0,
    0.0,
    0.0
  ],
  "goal_original": [
    0.08897057667402036,
    0.04294260437169281,
    -0.019941800000000003,
    -0.04448538475835526,
    0.010517998519974764,
    1.5692610887052858,
    0.139592,
    -1.21031,
    -0.4449751282843045,
    -0.154976,
    0.39110384119291886,
    0.0,
    0.0,
    0.0,
    0.0,
    0.0,
    0.0,
    0.0,
    0.0,
    0.0,
    0.0,
    0.0,
    0.0,
    0.0,
    0.0,
    1.5646555436768657,
    -0.15033,
    1.21491,
    0.43579386951226207,
    0.1502900023379329,
    0.3928365631062892,
    0.0,
    0.0,
    0.0,
    0.0,
    0.0,
    0.0,
    0.0,
    0.0,
    0.0,
    0.0,
    0.0,
    0.0,
    0.0,
    0.0,
    0.0,
    0.0,
    0.0
  ]
}