{
  "n_weights_dim": 100,
  "alpha": 50.0,
  "beta": 12.5,
  "dt": 0.016666666666666666,
  "n_dim": 48,
  "tau_original": 3.9499999999999997,
  "dim_priorities": [
    8,
    3,
    6,
    29,
    7,
    4,
    27,
    28,
    9,
    5,
    25,
    1,
    0,
    26,
    2,
    30,
    10,
    18,
    17,
    16,
    12,
    15,
    14,
    13,
    20,
    11,
    19,
    47,
    21,
    22,
    45,
    44,
    43,
    42,
    41,
    40,
    39,
    38,
    37,
    36,
    35,
    34,
    33,
    32,
    31,
    24,
    46,
    23
  ],
  "start": [
    -0.000236144708902473,
    -0.03583130024788826,
    -0.00010034617370280646,
    0.0007089659872722873,
    -0.17446009833175027,
    1.5695059540304956,
    0.1743803907186229,
    -1.221912749851113,
    -0.5248987007915314,
    -5.234329851379105e-05,
    0.00034281172451242916,
    0.0,
    0.0,
    0.0,
    0.0,
    0.0,
    0.0,
    0.0,
    0.0,
    0.0,
    0.0,
    0.0,
    0.0,
    0.0,
    0.0,
    1.5703190449472737,
    -0.1731952303747152,
    1.222284158794342,
    0.5246722415349203,
    0.00028259875673133233,
    0.0003448936773549304,
    0.0,
    0.0,
    0.0,
    0.0,
    0.0,
    0.0,
    0.0,
    0.0,
    0.0,
    0.0,
    0.0,
    0.0,
    0.0,
    0.0,
    0.0,
    0.0,
    0.0
  ],
  "goal_original": [
    0.00026259938070677,
    -0.035199058582696424,
    2.650743878593152e-05,
    0.0016478759167969507,
    -0.17230409891555667,
    1.5707490078525388,
    0.17798781532790975,
    -1.2248401076722715,
    -0.5256522061781127,
    0.001007645955729382,
    -0.0001847250516397801,
    0.0,
    0.0,
    0.0,
    0.0,
    0.0,
    0.0,
    0.0,
    0.0,
    0.0,
    0.0,
    0.0,
    0.0,
    0.0,
    0.0,
    1.5710427282831962,
    -0.17423956315080139,
    1.2225664894144075,
    0.5252432747493875,
    -0.003185925134781652,
    -0.00020575297354269678,
    0.0,
    0.0,
    0.0,
    0.0,
    0.0,
    0.0,
    0.0,
    0.0,
    0.0,
    0.0,
    0.0,
    0.0,
    0.0,
    0.0,
    0.0,
    0.0,
    0.0
  ]
}