{
  "n_weights_dim": 100,
  "alpha": 50.0,
  "beta": 12.5,
  "dt": 0.016666666666666666,
  "n_dim": 48,
  "tau_original": 4.15,
  "dim_priorities": [
    8,
    29,
    9,
    28,
    5,
    27,
    25,
    7,
    4,
    1,
    26,
    0,
    6,
    2,
    30,
    10,
    17,
    16,
    18,
    12,
    15,
    14,
    13,
    20,
    11,
    3,
    19,
    47,
    21,
    22,
    45,
    44,
    43,
    42,
    41,
    40,
    39,
    38,
    37,
    36,
    35,
    34,
    33,
    32,
    31,
    24,
    46,
    23
  ],
  "start": [
    0.00066294365821894,
    -0.037716212524639504,
    -0.0004518545434519086,
    0.0,
    -0.17850573824001653,
    1.5639961804294449,
    0.17411328383749752,
    -1.233182436438292,
    -0.5516445172154217,
    -0.004832785005102712,
    0.0001819581421015171,
    0.0,
    0.0,
    0.0,
    0.0,
    0.0,
    0.0,
    0.0,
    0.0,
    0.0,
    0.0,
    0.0,
    0.0,
    0.0,
    0.0,
    1.5665297183191487,
    -0.17241671709484868,
    1.2338462190213701,
    0.5393961761985826,
    0.01757126934370915,
    -0.00022774088448215525,
    0.0,
    0.0,
    0.0,
    0.0,
    0.0,
    0.0,
    0.0,
    0.0,
    0.0,
    0.0,
    0.0,
    0.0,
    0.0,
    0.0,
    0.0,
    0.0,
    0.0
  ],
  "goal_original": [
    0.0007030732408098992,
    -0.03616867777952694,
    -0.0002851581433450931,
    0.0,
    -0.17486485361936005,
    1.5666341880968704,
    0.1748463803226842,
    -1.2214863575468582,
    -0.5274432043418825,
    -0.0039794181720874434,
    -0.00032665004848123655,
    0.0,
    0.0,
    0.0,
    0.0,
    0.0,
    0.0,
    0.0,
    0.0,
    0.0,
    0.0,
    0.0,
    0.0,
    0.0,
    0.0,
    1.5664644811125603,
    -0.1754232699099703,
    1.2219423663200346,
    0.5268628189882167,
    0.0051829967163293635,
    -0.00032629578965663033,
    0.0,
    0.0,
    0.0,
    0.0,
    0.0,
    0.0,
    0.0,
    0.0,
    0.0,
    0.0,
    0.0,
    0.0,
    0.0,
    0.0,
    0.0,
    0.0,
    0.0
  ]
}