{
  "n_weights_dim": 100,
  "alpha": 50.0,
  "beta": 12.5,
  "dt": 0.016666666666666666,
  "n_dim": 48,
  "tau_original": 1.0666666666666667,
  "dim_priorities": [
    29,
    9,
    28,
    8,
    25,
    5,
    26,
    6,
    10,
    30,
    27,
    7,
    47,
    18,
    17,
    16,
    12,
    15,
    14,
    13,
    20,
    11,
    4,
    3,
    2,
    1,
    19,
    23,
    21,
    22,
    45,
    44,
    43,
    42,
    41,
    40,
    39,
    38,
    37,
    36,
    35,
    34,
    33,
    32,
    31,
    24,
    46,
    0
  ],
  "start": [
    0.0,
    0.0,
    0.0,
    0.0,
    0.0,
    1.569011724854425,
    0.16315352637934055,
    -1.2215951664252456,
    -0.5243634372823253,
    0.0029922667738810876,
    0.0021943875695162535,
    0.0,
    0.0,
    0.0,
    0.0,
    0.0,
    0.0,
    0.0,
    0.0,
    0.0,
    0.0,
    0.0,
    0.0,
    0.0,
    0.0,
    1.5673852871519862,
    -0.16729629702384904,
    1.2216741263292243,
    0.5264737016864293,
    -0.00497749924103298,
    0.0012190985064619336,
    0.0,
    0.0,
    0.0,
    0.0,
    0.0,
    0.0,
    0.0,
    0.0,
    0.0,
    0.0,
    0.0,
    0.0,
    0.0,
    0.0,
    0.0,
    0.0,
    0.0
  ],
  "goal_original": [
    0.0,
    0.0,
    0.0,
    0.0,
    0.0,
    1.5708197407069813,
    0.17441766929933436,
    -1.2217283959100487,
    -0.5234469684532399,
    0.0001951091674406499,
    6.001831101040649e-05,
    0.0,
    0.0,
    0.0,
    0.0,
    0.0,
    0.0,
    0.0,
    0.0,
    0.0,
    0.0,
    0.0,
    0.0,
    0.0,
    0.0,
    1.571085003178635,
    -0.17254301403124184,
    1.2216960848672191,
    0.5211131473191323,
    -0.002468512713223539,
    0.00037178214673366783,
    0.0,
    0.0,
    0.0,
    0.0,
    0.0,
    0.0,
    0.0,
    0.0,
    0.0,
    0.0,
    0.0,
    0.0,
    0.0,
    0.0,
    0.0,
    0.0,
    0.0
  ]
}