{
  "n_weights_dim": 100,
  "alpha": 50.0,
  "beta": 12.5,
  "dt": 0.016666666666666666,
  "n_dim": 48,
  "tau_original": 5.933333333333334,
  "dim_priorities": [
    5,
    8,
    7,
    9,
    4,
    28,
    3,
    6,
    26,
    29,
    0,
    25,
    1,
    2,
    10,
    30,
    27,
    18,
    17,
    16,
    12,
    15,
    14,
    13,
    20,
    11,
    19,
    47,
    21,
    22,
    45,
    44,
    43,
    42,
    41,
    40,
    39,
    38,
    37,
    36,
    35,
    34,
    33,
    32,
    31,
    24,
    46,
    23
  ],
  "start": [
    0.10743498793676591,
    -0.13959270937954538,
    -0.015282797410820167,
    0.12124232400716549,
    0.021418495799383028,
    1.5879762151447658,
    0.13044535369793764,
    -1.2067315606609348,
    -0.522467146765721,
    -0.09689769615837297,
    0.3936725647778988,
    0.0,
    0.0,
    0.0,
    0.0,
    0.0,
    0.0,
    0.0,
    0.0,
    0.0,
    0.0,
    0.0,
    0.0,
    0.0,
    0.0,
    1.5799994434832951,
    -0.13345619928526983,
    1.1949702024484083,
    0.5368928078504006,
    0.12421214999008502,
    0.39630859376849176,
    0.0,
    0.0,
    0.0,
    0.0,
    0.0,
    0.0,
    0.0,
    0.0,
    0.0,
    0.0,
    0.0,
    0.0,
    0.0,
    0.0,
    0.0,
    0.0,
    0.0
  ],
  "goal_original": [
    0.14115111214183246,
    -0.11813897188883596,
    -0.015295953095151865,
    0.11430754412491521,
    0.02827389469155488,
    1.590176312922187,
    0.12295756814670496,
    -1.2034561679534552,
    -0.5261908708180644,
    -0.03654814527600726,
    0.4068270270278911,
    0.0,
    0.0,
    0.0,
    0.0,
    0.0,
    0.0,
    0.0,
    0.0,
    0.0,
    0.0,
    0.0,
    0.0,
    0.0,
    0.0,
    1.5967978050309866,
    -0.1275752611648117,
    1.1888494132502427,
    0.5422473793900289,
    0.11976381480216086,
    0.4085868237253731,
    0.0,
    0.0,
    0.0,
    0.0,
    0.0,
    0.0,
    0.0,
    0.0,
    0.0,
    0.0,
    0.0,
    0.0,
    0.0,
    0.0,
    0.0,
    0.0,
    0.0
  ]
}