{
  "n_weights_dim": 100,
  "alpha": 50.0,
  "beta": 12.5,
  "dt": 0.016666666666666666,
  "n_dim": 48,
  "tau_original": 2.1166666666666667,
  "dim_priorities": [
    8,
    28,
    4,
    6,
    1,
    26,
    5,
    25,
    0,
    7,
    27,
    10,
    30,
    29,
    9,
    3,
    2,
    18,
    17,
    16,
    12,
    15,
    14,
    13,
    20,
    11,
    19,
    47,
    21,
    22,
    45,
    44,
    43,
    42,
    41,
    40,
    39,
    38,
    37,
    36,
    35,
    34,
    33,
    32,
    31,
    24,
    46,
    23
  ],
  "start": [
    0.0026444880219073106,
    -0.040263826715104464,
    -0.0003720331942246925,
    0.0003717919567379722,
    -0.15378241735109344,
    1.5654484655721177,
    0.17060945430157387,
    -1.2205452454586667,
    -0.5559948408798581,
    0.000812050391861951,
    -0.00016014736867825803,
    0.0,
    0.0,
    0.0,
    0.0,
    0.0,
    0.0,
    0.0,
    0.0,
    0.0,
    0.0,
    0.0,
    0.0,
    0.0,
    0.0,
    1.5734101601181896,
    -0.17544342646101424,
    1.2205373320110793,
    0.5523411552236565,
    -0.0008694517351465567,
    -0.00015096382205245426,
    0.0,
    0.0,
    0.0,
    0.0,
    0.0,
    0.0,
    0.0,
    0.0,
    0.0,
    0.0,
    0.0,
    0.0,
    0.0,
    0.0,
    0.0,
    0.0,
    0.0
  ],
  "goal_original": [
    -0.0003798338131947166,
    -0.034859575404556156,
    -4.613880667652318e-05,
    0.00015674765397761668,
    -0.17536754160793216,
    1.5704579246572739,
    0.174307873911944,
    -1.2223984166598618,
    -0.5192998464706372,
    3.564161617796488e-05,
    0.00047849878044341405,
    0.0,
    0.0,
    0.0,
    0.0,
    0.0,
    0.0,
    0.0,
    0.0,
    0.0,
    0.0,
    0.0,
    0.0,
    0.0,
    0.0,
    1.570629776226468,
    -0.1743300897007946,
    1.2220330407502504,
    0.5205603986608757,
    -3.590161845320391e-05,
    0.00030362012981831544,
    0.0,
    0.0,
    0.0,
    0.0,
    0.0,
    0.0,
    0.0,
    0.0,
    0.0,
    0.0,
    0.0,
    0.0,
    0.0,
    0.0,
    0.0,
    0.0,
    0.0
  ]
}