{
  "n_weights_dim": 100,
  "alpha": 50.0,
  "beta": 12.5,
  "dt": 0.016666666666666666,
  "n_dim": 48,
  "tau_original": 4.8,
  "dim_priorities": [
    28,
    8,
    29,
    9,
    25,
    5,
    7,
    4,
    26,
    6,
    27,
    3,
    1,
    0,
    2,
    30,
    10,
    18,
    17,
    16,
    12,
    15,
    14,
    13,
    20,
    11,
    19,
    47,
    21,
    22,
    45,
    44,
    43,
    42,
    41,
    40,
    39,
    38,
    37,
    36,
    35,
    34,
    33,
    32,
    31,
    24,
    46,
    23
  ],
  "start": [
    0.0007210948889673049,
    -0.03590204627115255,
    -6.14310660586132e-05,
    0.00038275794935711024,
    -0.1785129141218692,
    1.5600780684526392,
    0.1754232935491693,
    -1.224247823063984,
    -0.5432777216572499,
    -0.0011772249826393385,
    -8.255603116224669e-05,
    0.0,
    0.0,
    0.0,
    0.0,
    0.0,
    0.0,
    0.0,
    0.0,
    0.0,
    0.0,
    0.0,
    0.0,
    0.0,
    0.0,
    1.5588401052996645,
    -0.176079881917087,
    1.2245707025621848,
    0.5440427326246666,
    0.0003774354125061582,
    -0.00011210591205761297,
    0.0,
    0.0,
    0.0,
    0.0,
    0.0,
    0.0,
    0.0,
    0.0,
    0.0,
    0.0,
    0.0,
    0.0,
    0.0,
    0.0,
    0.0,
    0.0,
    0.0
  ],
  "goal_original": [
    0.0005194814543225356,
    -0.03537755339853237,
    -0.0003030258339189322,
    0.0021840994422248137,
    -0.1679384204765552,
    1.5710188835834809,
    0.17475681051176392,
    -1.221467832507156,
    -0.5284210097394769,
    -0.0023701946557795127,
    0.0001602679367528586,
    0.0,
    0.0,
    0.0,
    0.0,
    0.0,
    0.0,
    0.0,
    0.0,
    0.0,
    0.0,
    0.0,
    0.0,
    0.0,
    0.0,
    1.5711725469878217,
    -0.17611179253601017,
    1.2212290995946535,
    0.5295695632829776,
    0.0036536753844291824,
    4.911094065379816e-05,
    0.0,
    0.0,
    0.0,
    0.0,
    0.0,
    0.0,
    0.0,
    0.0,
    0.0,
    0.0,
    0.0,
    0.0,
    0.0,
    0.0,
    0.0,
    0.0,
    0.0
  ]
}