{
  "n_weights_dim": 100,
  "alpha": 50.0,
  "beta": 12.5,
  "dt": 0.016666666666666666,
  "n_dim": 48,
  "tau_original": 2.3166666666666664,
  "dim_priorities": [
    29,
    28,
    8,
    7,
    9,
    25,
    27,
    3,
    5,
    4,
    6,
    26,
    1,
    0,
    2,
    18,
    17,
    12,
    16,
    15,
    14,
    13,
    20,
    11,
    10,
    19,
    47,
    21,
    37,
    45,
    44,
    43,
    42,
    41,
    40,
    39,
    38,
    36,
    22,
    35,
    34,
    33,
    32,
    31,
    30,
    24,
    46,
    23
  ],
  "start": [
    -0.010200214772994026,
    -0.04022770617647032,
    -3.2815834525177442e-09,
    -0.0001199396505676329,
    -0.20019795081682157,
    1.5583882552152677,
    0.1426704187662889,
    -1.2288157244720501,
    -0.5241238703787612,
    0.00104675832043871,
    0.0,
    0.0,
    0.0,
    0.0,
    0.0,
    0.0,
    0.0,
    0.0,
    0.0,
    0.0,
    0.0,
    0.0,
    0.0,
    0.0,
    0.0,
    1.5580885962770457,
    -0.14285243171148646,
    1.2291909297103139,
    0.5240588209609898,
    -0.0007964439011613437,
    0.0,
    0.0,
    0.0,
    0.0,
    0.0,
    0.0,
    0.0,
    0.0,
    0.0,
    0.0,
    0.0,
    0.0,
    0.0,
    0.0,
    0.0,
    0.0,
    0.0,
    0.0
  ],
  "goal_original": [
    -0.049980964547891846,
    -0.060170803153888945,
    2.069417972285354e-07,
    5.063644757603509e-07,
    -0.5231192400992342,
    1.2549766895752699,
    0.18685065720978314,
    -0.8985198947194577,
    -1.1498005113959564,
    0.21242935060092402,
    0.0,
    0.0,
    0.0,
    0.0,
    0.0,
    0.0,
    0.0,
    0.0,
    0.0,
    0.0,
    0.0,
    0.0,
    0.0,
    0.0,
    0.0,
    1.4935878849382278,
    -0.22393596448779501,
    1.6121368956829836,
    0.8301120230523976,
    -0.2544094983773931,
    0.0,
    0.0,
    0.0,
    0.0,
    0.0,
    0.0,
    0.0,
    0.0,
    0.0,
    0.0,
    0.0,
    0.0,
    0.0,
    0.0,
    0.0,
    0.0,
    0.0,
    0.0
  ]
}