{
  "n_weights_dim": 100,
  "alpha": 50.0,
  "beta": 12.5,
  "dt": 0.016666666666666666,
  "n_dim": 48,
  "tau_original": 3.5166666666666666,
  "dim_priorities": [
    28,
    7,
    4,
    8,
    27,
    25,
    5,
    2,
    9,
    29,
    1,
    6,
    26,
    0,
    3,
    10,
    30,
    18,
    17,
    16,
    12,
    15,
    14,
    13,
    20,
    11,
    19,
    47,
    21,
    22,
    45,
    44,
    43,
    42,
    41,
    40,
    39,
    38,
    37,
    36,
    35,
    34,
    33,
    32,
    31,
    24,
    46,
    23
  ],
  "start": [
    0.0006345460123202665,
    -0.03604978816339754,
    0.0033288838259723395,
    -0.0012286324022968871,
    -0.19904108525839895,
    1.5618810718555678,
    0.17535912671172582,
    -1.2113798730155483,
    -0.544595128947127,
    -0.0027952827736920766,
    -0.00023154422416687135,
    0.0,
    0.0,
    0.0,
    0.0,
    0.0,
    0.0,
    0.0,
    0.0,
    0.0,
    0.0,
    0.0,
    0.0,
    0.0,
    0.0,
    1.5791831018935851,
    -0.17509781095858365,
    1.2359333525562066,
    0.545950670885385,
    -0.0018909170820960786,
    -0.00013513030327632632,
    0.0,
    0.0,
    0.0,
    0.0,
    0.0,
    0.0,
    0.0,
    0.0,
    0.0,
    0.0,
    0.0,
    0.0,
    0.0,
    0.0,
    0.0,
    0.0,
    0.0
  ],
  "goal_original": [
    -0.00043549052834354184,
    -0.035316709030467686,
    -0.0008656768258271755,
    -0.0002039480855863666,
    -0.1739922777109425,
    1.5728903106211107,
    0.17600677505872075,
    -1.2264494294533672,
    -0.528021249093508,
    -0.0002546814030883666,
    -0.00026637450589172716,
    0.0,
    0.0,
    0.0,
    0.0,
    0.0,
    0.0,
    0.0,
    0.0,
    0.0,
    0.0,
    0.0,
    0.0,
    0.0,
    0.0,
    1.5688182035578608,
    -0.17599791253363828,
    1.2206613988186517,
    0.5272686646081528,
    0.0007048836518803935,
    -0.0002888665723359768,
    0.0,
    0.0,
    0.0,
    0.0,
    0.0,
    0.0,
    0.0,
    0.0,
    0.0,
    0.0,
    0.0,
    0.0,
    0.0,
    0.0,
    0.0,
    0.0,
    0.0
  ]
}