{
  "n_weights_dim": 100,
  "alpha": 50.0,
  "beta": 12.5,
  "dt": 0.016666666666666666,
  "n_dim": 48,
  "tau_original": 6.316666666666666,
  "dim_priorities": [
    5,
    9,
    28,
    8,
    27,
    25,
    7,
    4,
    6,
    3,
    29,
    26,
    2,
    1,
    0,
    30,
    10,
    16,
    17,
    18,
    12,
    15,
    14,
    13,
    20,
    11,
    19,
    47,
    21,
    22,
    45,
    44,
    43,
    42,
    41,
    40,
    39,
    38,
    37,
    36,
    35,
    34,
    33,
    32,
    31,
    24,
    46,
    23
  ],
  "start": [
    -6.492797752238985e-05,
    -0.03492951248719679,
    4.7520753000782725e-05,
    -0.0010972833726324842,
    -0.17455644575554594,
    1.5709434338970978,
    0.1742413283495501,
    -1.2218004095569472,
    -0.523133397152546,
    -9.110403715041137e-05,
    8.071893515507032e-05,
    0.0,
    0.0,
    0.0,
    0.0,
    0.0,
    0.0,
    0.0,
    0.0,
    0.0,
    0.0,
    0.0,
    0.0,
    0.0,
    0.0,
    1.5705041377814712,
    -0.17456067841490408,
    1.2211422576847386,
    0.5249056961566524,
    -0.0001053876495251719,
    4.116754116354624e-05,
    0.0,
    0.0,
    0.0,
    0.0,
    0.0,
    0.0,
    0.0,
    0.0,
    0.0,
    0.0,
    0.0,
    0.0,
    0.0,
    0.0,
    0.0,
    0.0,
    0.0
  ],
  "goal_original": [
    -0.00013080750543242626,
    -0.03485776425083041,
    7.388226408002655e-05,
    1.281058314895889e-06,
    -0.17453606087193216,
    1.5637532866816437,
    0.1766720617530617,
    -1.2237378045533742,
    -0.5291746931239966,
    -0.0017510946899723066,
    -0.0002632006771014315,
    0.0,
    0.0,
    0.0,
    0.0,
    0.0,
    0.0,
    0.0,
    0.0,
    0.0,
    0.0,
    0.0,
    0.0,
    0.0,
    0.0,
    1.5701084903914821,
    -0.17457797247765908,
    1.2206701192254739,
    0.5248816161941502,
    -0.0007502690246565389,
    0.00016495730872086793,
    0.0,
    0.0,
    0.0,
    0.0,
    0.0,
    0.0,
    0.0,
    0.0,
    0.0,
    0.0,
    0.0,
    0.0,
    0.0,
    0.0,
    0.0,
    0.0,
    0.0
  ]
}