{
  "n_weights_dim": 100,
  "alpha": 50.0,
  "beta": 12.5,
  "dt": 0.016666666666666666,
  "n_dim": 48,
  "tau_original": 3.35,
  "dim_priorities": [
    1,
    4,
    8,
    28,
    0,
    5,
    25,
    7,
    27,
    9,
    29,
    6,
    3,
    26,
    2,
    18,
    17,
    12,
    16,
    15,
    14,
    13,
    20,
    11,
    10,
    19,
    47,
    21,
    37,
    45,
    44,
    43,
    42,
    41,
    40,
    39,
    38,
    36,
    22,
    35,
    34,
    33,
    32,
    31,
    30,
    24,
    46,
    23
  ],
  "start": [
    -0.009976241470701652,
    -0.040735192071295244,
    -8.317277247909637e-10,
    1.9050538760213172e-05,
    -0.20002389217447367,
    1.560801747001428,
    0.1429809235345893,
    -1.2288469683512968,
    -0.5220332953112123,
    0.0004179433621037183,
    0.0,
    0.0,
    0.0,
    0.0,
    0.0,
    0.0,
    0.0,
    0.0,
    0.0,
    0.0,
    0.0,
    0.0,
    0.0,
    0.0,
    0.0,
    1.5613586457400985,
    -0.14327668887963627,
    1.2288192802023141,
    0.5222410664592514,
    -2.9279179429279843e-06,
    0.0,
    0.0,
    0.0,
    0.0,
    0.0,
    0.0,
    0.0,
    0.0,
    0.0,
    0.0,
    0.0,
    0.0,
    0.0,
    0.0,
    0.0,
    0.0,
    0.0,
    0.0
  ],
  "goal_original": [
    -0.07069411726501221,
    -0.00491556195907484,
    -6.589175459600821e-09,
    -0.022997836003997487,
    -0.5185956715732832,
    1.6400064994663968,
    0.13282643843712785,
    -1.3560284478315647,
    -0.4356346394321075,
    0.18294249975846077,
    0.0,
    0.0,
    0.0,
    0.0,
    0.0,
    0.0,
    0.0,
    0.0,
    0.0,
    0.0,
    0.0,
    0.0,
    0.0,
    0.0,
    0.0,
    1.6783059451496805,
    -0.14401129497395523,
    1.3509728057938666,
    0.4854660761484289,
    -0.09916776501525273,
    0.0,
    0.0,
    0.0,
    0.0,
    0.0,
    0.0,
    0.0,
    0.0,
    0.0,
    0.0,
    0.0,
    0.0,
    0.0,
    0.0,
    0.0,
    0.0,
    0.0,
    0.0
  ]
}