{
  "n_weights_dim": 100,
  "alpha": 50.0,
  "beta": 12.5,
  "dt": 0.016666666666666666,
  "n_dim": 48,
  "tau_original": 6.55,
  "dim_priorities": [
    5,
    25,
    3,
    9,
    29,
    27,
    7,
    4,
    8,
    28,
    6,
    26,
    1,
    2,
    0,
    10,
    30,
    18,
    17,
    16,
    12,
    15,
    14,
    13,
    20,
    11,
    19,
    47,
    21,
    22,
    45,
    44,
    43,
    42,
    41,
    40,
    39,
    38,
    37,
    36,
    35,
    34,
    33,
    32,
    31,
    24,
    46,
    23
  ],
  "start": [
    -1.0256173056121447e-05,
    -0.03526563642821565,
    -0.00037405827561494225,
    5.7749486275042015e-05,
    -0.17487065845003716,
    1.5694674793034797,
    0.17390759996205984,
    -1.2219755905579277,
    -0.5243996048457938,
    0.0003845024312542524,
    0.00015618172570892435,
    0.0,
    0.0,
    0.0,
    0.0,
    0.0,
    0.0,
    0.0,
    0.0,
    0.0,
    0.0,
    0.0,
    0.0,
    0.0,
    0.0,
    1.5693104618988374,
    -0.17412398807331209,
    1.221980215382185,
    0.5244644816914169,
    -0.0004385981364351885,
    0.000168042377864117,
    0.0,
    0.0,
    0.0,
    0.0,
    0.0,
    0.0,
    0.0,
    0.0,
    0.0,
    0.0,
    0.0,
    0.0,
    0.0,
    0.0,
    0.0,
    0.0,
    0.0
  ],
  "goal_original": [
    -8.835257113424309e-05,
    -0.035488142428303206,
    0.0002449612063787322,
    0.0021268407603419696,
    -0.14482773329678633,
    1.571822372859093,
    0.17658578801083852,
    -1.2249868176950232,
    -0.5251599679769595,
    0.005288677677172591,
    -0.0002916375608185207,
    0.0,
    0.0,
    0.0,
    0.0,
    0.0,
    0.0,
    0.0,
    0.0,
    0.0,
    0.0,
    0.0,
    0.0,
    0.0,
    0.0,
    1.5708938748559604,
    -0.17327705856496975,
    1.2248303957017932,
    0.5249907760590301,
    -0.0037585229899989026,
    0.0010168246965170115,
    0.0,
    0.0,
    0.0,
    0.0,
    0.0,
    0.0,
    0.0,
    0.0,
    0.0,
    0.0,
    0.0,
    0.0,
    0.0,
    0.0,
    0.0,
    0.0,
    0.0
  ]
}