{
  "n_weights_dim": 100,
  "alpha": 50.0,
  "beta": 12.5,
  "dt": 0.016666666666666666,
  "n_dim": 48,
  "tau_original": 2.9166666666666665,
  "dim_priorities": [
    9,
    29,
    25,
    7,
    8,
    5,
    27,
    28,
    26,
    6,
    3,
    4,
    2,
    0,
    30,
    10,
    1,
    18,
    17,
    16,
    12,
    15,
    14,
    13,
    20,
    11,
    19,
    47,
    21,
    22,
    45,
    44,
    43,
    42,
    41,
    40,
    39,
    38,
    37,
    36,
    35,
    34,
    33,
    32,
    31,
    24,
    46,
    23
  ],
  "start": [
    -0.00048812553418751606,
    -0.03506240028709117,
    0.0002518817494891377,
    0.0001368042108646502,
    -0.17626695524450312,
    1.5692030233099592,
    0.1729431699146599,
    -1.2223634603881173,
    -0.524604350568666,
    -0.0010306028038247642,
    0.0006261222502036467,
    0.0,
    0.0,
    0.0,
    0.0,
    0.0,
    0.0,
    0.0,
    0.0,
    0.0,
    0.0,
    0.0,
    0.0,
    0.0,
    0.0,
    1.5688635457805722,
    -0.1730547087039891,
    1.222083951706023,
    0.5247058099360749,
    0.0008535180073403903,
    0.0006188757828284486,
    0.0,
    0.0,
    0.0,
    0.0,
    0.0,
    0.0,
    0.0,
    0.0,
    0.0,
    0.0,
    0.0,
    0.0,
    0.0,
    0.0,
    0.0,
    0.0,
    0.0
  ],
  "goal_original": [
    0.00016369643848496848,
    -0.03501969249384932,
    0.0010265022833476174,
    0.0017413238939222183,
    -0.17347679289920556,
    1.5586573834202433,
    0.17762474001294526,
    -1.2388480328661045,
    -0.5416735211728867,
    -0.03573882434473215,
    0.00030492401887438213,
    0.0,
    0.0,
    0.0,
    0.0,
    0.0,
    0.0,
    0.0,
    0.0,
    0.0,
    0.0,
    0.0,
    0.0,
    0.0,
    0.0,
    1.545046475193688,
    -0.16973907131103502,
    1.2220319018908286,
    0.5319898964765337,
    -0.0017047363516125014,
    -0.00014732016143248548,
    0.0,
    0.0,
    0.0,
    0.0,
    0.0,
    0.0,
    0.0,
    0.0,
    0.0,
    0.0,
    0.0,
    0.0,
    0.0,
    0.0,
    0.0,
    0.0,
    0.0
  ]
}