{
  "n_weights_dim": 100,
  "alpha": 50.0,
  "beta": 12.5,
  "dt": 0.016666666666666666,
  "n_dim": 48,
  "tau_original": 1.9833333333333334,
  "dim_priorities": [
    4,
    47,
    12,
    21,
    20,
    19,
    18,
    17,
    16,
    15,
    14,
    13,
    11,
    46,
    10,
    9,
    8,
    7,
    6,
    5,
    3,
    2,
    1,
    22,
    23,
    24,
    36,
    45,
    44,
    43,
    42,
    41,
    40,
    39,
    38,
    37,
    35,
    25,
    34,
    33,
    32,
    31,
    30,
    29,
    28,
    27,
    26,
    0
  ],
  "start": [
    0.0613592,
    0.0184078,
    -0.019941800000000003,
    0.116583,
    0.0012792438917056386,
    1.54932,
    0.139592,
    -1.21031,
    -0.4019030000000001,
    -0.154976,
    0.466608,
    0.0,
    0.0,
    0.0,
    0.0,
    0.0,
    0.0,
    0.0,
    0.0,
    0.0,
    0.0,
    0.0,
    0.0,
    0.0,
    0.0,
    1.54932,
    -0.15033,
    1.21491,
    0.415709,
    0.15029000000000003,
    0.488576,
    0.0,
    0.0,
    0.0,
    0.0,
    0.0,
    0.0,
    0.0,
    0.0,
    0.0,
    0.0,
    0.0,
    0.0,
    0.0,
    0.0,
    0.0,
    0.0,
    0.0
  ],
  "goal_original": [
    0.0613592,
    0.0184078,
    -0.019941800000000003,
    0.116583,
    0.0017611604698539137,
    1.54932,
    0.139592,
    -1.21031,
    -0.4019030000000001,
    -0.154976,
    0.466608,
    0.0,
    0.0,
    0.0,
    0.0,
    0.0,
    0.0,
    0.0,
    0.0,
    0.0,
    0.0,
    0.0,
    0.0,
    0.0,
    0.0,
    1.54932,
    -0.15033,
    1.21491,
    0.415709,
    0.15029000000000003,
    0.488576,
    0.0,
    0.0,
    0.0,
    0.0,
    0.0,
    0.0,
    0.0,
    0.0,
    0.0,
    0.0,
    0.0,
    0.0,
    0.0,
    0.0,
    0.0,
    0.0,
    0.0
  ]
}