{
  "n_weights_dim": 100,
  "alpha": 50.0,
  "beta": 12.5,
  "dt": 0.016666666666666666,
  "n_dim": 48,
  "tau_original": 4.783333333333333,
  "dim_priorities": [
    29,
    25,
    28,
    30,
    3,
    4,
    26,
    27,
    0,
    1,
    5,
    15,
    18,
    17,
    16,
    12,
    14,
    13,
    20,
    11,
    10,
    9,
    8,
    7,
    6,
    2,
    19,
    47,
    21,
    22,
    45,
    44,
    43,
    42,
    41,
    40,
    39,
    38,
    37,
    36,
    35,
    34,
    33,
    32,
    31,
    24,
    46,
    23
  ],
  "start": [
    0.14265840014881656,
    -0.1211856856505072,
    -0.0168738,
    0.111981,
    0.029145852366779378,
    1.6030106093677912,
    0.130388,
    -1.20417,
    -0.513884,
    -0.0521979,
    0.405097,
    0.0,
    0.0,
    0.0,
    0.0,
    0.0,
    0.0,
    0.0,
    0.0,
    0.0,
    0.0,
    0.0,
    0.0,
    0.0,
    0.0,
    1.582069117684518,
    -0.12835750169050897,
    1.187603361323789,
    0.5451740013958347,
    0.12625353143409862,
    0.4077322581307203,
    0.0,
    0.0,
    0.0,
    0.0,
    0.0,
    0.0,
    0.0,
    0.0,
    0.0,
    0.0,
    0.0,
    0.0,
    0.0,
    0.0,
    0.0,
    0.0,
    0.0
  ],
  "goal_original": [
    0.1748739983900017,
    -0.10737900068999927,
    -0.0168738,
    0.1116023635080111,
    0.026380241007649637,
    1.5907400006132328,
    0.130388,
    -1.20417,
    -0.513884,
    -0.0521979,
    0.405097,
    0.0,
    0.0,
    0.0,
    0.0,
    0.0,
    0.0,
    0.0,
    0.0,
    0.0,
    0.0,
    0.0,
    0.0,
    0.0,
    0.0,
    1.5607239509838668,
    -0.12100872165609387,
    1.179681427596189,
    0.5438004718422506,
    0.18058196323902337,
    0.4234817967282956,
    0.0,
    0.0,
    0.0,
    0.0,
    0.0,
    0.0,
    0.0,
    0.0,
    0.0,
    0.0,
    0.0,
    0.0,
    0.0,
    0.0,
    0.0,
    0.0,
    0.0
  ]
}