{
  "n_weights_dim": 100,
  "alpha": 50.0,
  "beta": 12.5,
  "dt": 0.016666666666666666,
  "n_dim": 48,
  "tau_original": 3.9833333333333334,
  "dim_priorities": [
    8,
    28,
    29,
    9,
    27,
    7,
    5,
    25,
    3,
    4,
    2,
    26,
    6,
    0,
    1,
    10,
    30,
    18,
    17,
    16,
    12,
    15,
    14,
    13,
    20,
    11,
    19,
    47,
    21,
    22,
    45,
    44,
    43,
    42,
    41,
    40,
    39,
    38,
    37,
    36,
    35,
    34,
    33,
    32,
    31,
    24,
    46,
    23
  ],
  "start": [
    0.08309764185763045,
    -0.15700278887898755,
    0.001533239528143671,
    0.12581077124090204,
    0.012343665246990577,
    1.572821659217124,
    0.13328708853354782,
    -1.2127225388992282,
    -0.5256985654954445,
    -0.1420864696752807,
    0.38234620855202156,
    0.0,
    0.0,
    0.0,
    0.0,
    0.0,
    0.0,
    0.0,
    0.0,
    0.0,
    0.0,
    0.0,
    0.0,
    0.0,
    0.0,
    1.5697641320066058,
    -0.12935960854561182,
    1.2122152292014636,
    0.5318248895013288,
    0.14803327219211979,
    0.3832173420987071,
    0.0,
    0.0,
    0.0,
    0.0,
    0.0,
    0.0,
    0.0,
    0.0,
    0.0,
    0.0,
    0.0,
    0.0,
    0.0,
    0.0,
    0.0,
    0.0,
    0.0
  ],
  "goal_original": [
    0.13485109578135293,
    -0.15345527128686845,
    0.01229849748139514,
    0.1321261543946087,
    0.024685180088524113,
    1.5774921522619771,
    0.12567568783061672,
    -1.216676496402226,
    -0.5192576607972902,
    -0.19016760002226152,
    0.3945519999262805,
    0.0,
    0.0,
    0.0,
    0.0,
    0.0,
    0.0,
    0.0,
    0.0,
    0.0,
    0.0,
    0.0,
    0.0,
    0.0,
    0.0,
    1.5700195192215558,
    -0.12398982867463576,
    1.200873785672671,
    0.5348248467088698,
    0.1869180105350033,
    0.3945519999315419,
    0.0,
    0.0,
    0.0,
    0.0,
    0.0,
    0.0,
    0.0,
    0.0,
    0.0,
    0.0,
    0.0,
    0.0,
    0.0,
    0.0,
    0.0,
    0.0,
    0.0
  ]
}