{
  "n_weights_dim": 100,
  "alpha": 50.0,
  "beta": 12.5,
  "dt": 0.008333333333333333,
  "n_dim": 7,
  "tau_original": 0.8333333333333334,
  "dim_priorities": [
    6,
    5,
    4,
    3,
    2,
    1,
    0
  ],
  "start": [
    0.0,
    -0.6,
    1.9,
    -1.6,
    2.0,
    0.0,
    0.5
  ],
  "goal_original": [
    0.0,
    -0.6,
    1.9,
    -1.6,
    2.0,
    0.0,
    0.5
  ]
}