{
  "n_weights_dim": 100,
  "alpha": 50.0,
  "beta": 12.5,
  "dt": 0.016666666666666666,
  "n_dim": 48,
  "tau_original": 3.0,
  "dim_priorities": [
    47,
    46,
    21,
    20,
    19,
    18,
    17,
    16,
    15,
    14,
    13,
    12,
    11,
    10,
    9,
    8,
    7,
    6,
    5,
    4,
    3,
    2,
    1,
    22,
    23,
    24,
    36,
    45,
    44,
    43,
    42,
    41,
    40,
    39,
    38,
    37,
    35,
    25,
    34,
    33,
    32,
    31,
    30,
    29,
    28,
    27,
    26,
    0
  ],
  "start": [
    0.0,
    -0.03490658503988659,
    0.0,
    0.0,
    -0.17453292519943295,
    1.5707963267948966,
    0.17453292519943295,
    -1.2217304763960306,
    -0.5235987755982988,
    0.0,
    0.0,
    0.0,
    0.0,
    0.0,
    0.0,
    0.0,
    0.0,
    0.0,
    0.0,
    0.0,
    0.0,
    0.0,
    0.0,
    0.0,
    0.0,
    1.5707963267948966,
    -0.17453292519943295,
    1.2217304763960306,
    0.5235987755982988,
    0.0,
    0.0,
    0.0,
    0.0,
    0.0,
    0.0,
    0.0,
    0.0,
    0.0,
    0.0,
    0.0,
    0.0,
    0.0,
    0.0,
    0.0,
    0.0,
    0.0,
    0.0,
    0.0
  ],
  "goal_original": [
    0.0,
    -0.03490658503988659,
    0.0,
    0.0,
    -0.17453292519943295,
    1.5707963267948966,
    0.17453292519943295,
    -1.2217304763960306,
    -0.5235987755982988,
    0.0,
    0.0,
    0.0,
    0.0,
    0.0,
    0.0,
    0.0,
    0.0,
    0.0,
    0.0,
    0.0,
    0.0,
    0.0,
    0.0,
    0.0,
    0.0,
    1.5707963267948966,
    -0.17453292519943295,
    1.2217304763960306,
    0.5235987755982988,
    0.0,
    0.0,
    0.0,
    0.0,
    0.0,
    0.0,
    0.0,
    0.0,
    0.0,
    0.0,
    0.0,
    0.0,
    0.0,
    0.0,
    0.0,
    0.0,
    0.0,
    0.0,
    0.0
  ]
}