{
  "n_weights_dim": 100,
  "alpha": 50.0,
  "beta": 12.5,
  "dt": 0.016666666666666666,
  "n_dim": 48,
  "tau_original": 1.4666666666666666,
  "dim_priorities": [
    25,
    28,
    9,
    27,
    29,
    8,
    7,
    5,
    26,
    0,
    6,
    1,
    4,
    3,
    2,
    18,
    17,
    12,
    16,
    15,
    14,
    13,
    20,
    11,
    10,
    19,
    47,
    21,
    37,
    45,
    44,
    43,
    42,
    41,
    40,
    39,
    38,
    36,
    22,
    35,
    34,
    33,
    32,
    31,
    30,
    24,
    46,
    23
  ],
  "start": [
    -0.010161584682941404,
    -0.04013208502117056,
    -2.1898965748650906e-08,
    -8.109488553184995e-09,
    -0.19999972576386532,
    1.559738157169769,
    0.14272643465415424,
    -1.2283459835671868,
    -0.5223660237948335,
    -0.0003725442248536035,
    0.0,
    0.0,
    0.0,
    0.0,
    0.0,
    0.0,
    0.0,
    0.0,
    0.0,
    0.0,
    0.0,
    0.0,
    0.0,
    0.0,
    0.0,
    1.5576828145777388,
    -0.1425572913113754,
    1.2289795628407023,
    0.5242846451561388,
    -5.771596373094213e-05,
    0.0,
    0.0,
    0.0,
    0.0,
    0.0,
    0.0,
    0.0,
    0.0,
    0.0,
    0.0,
    0.0,
    0.0,
    0.0,
    0.0,
    0.0,
    0.0,
    0.0,
    0.0
  ],
  "goal_original": [
    -0.025049042713623477,
    -0.048805788070674185,
    -4.786341053930769e-06,
    2.061481889576629e-05,
    -0.20074259601650402,
    1.3328076204461443,
    0.15602341076368512,
    -0.804832522522557,
    -0.9665095166946188,
    -0.5687957887273344,
    0.0,
    0.0,
    0.0,
    0.0,
    0.0,
    0.0,
    0.0,
    0.0,
    0.0,
    0.0,
    0.0,
    0.0,
    0.0,
    0.0,
    0.0,
    0.20412914993790462,
    -0.10831935401134378,
    1.1573274489747059,
    0.6447796625925474,
    -0.49573458477864923,
    0.0,
    0.0,
    0.0,
    0.0,
    0.0,
    0.0,
    0.0,
    0.0,
    0.0,
    0.0,
    0.0,
    0.0,
    0.0,
    0.0,
    0.0,
    0.0,
    0.0,
    0.0
  ]
}