{
  "n_weights_dim": 100,
  "alpha": 50.0,
  "beta": 12.5,
  "dt": 0.016666666666666666,
  "n_dim": 48,
  "tau_original": 2.2666666666666666,
  "dim_priorities": [
    29,
    9,
    8,
    28,
    25,
    26,
    5,
    6,
    4,
    7,
    1,
    27,
    3,
    30,
    10,
    0,
    18,
    17,
    16,
    12,
    15,
    14,
    13,
    20,
    11,
    2,
    19,
    47,
    21,
    22,
    45,
    44,
    43,
    42,
    41,
    40,
    39,
    38,
    37,
    36,
    35,
    34,
    33,
    32,
    31,
    24,
    46,
    23
  ],
  "start": [
    -4.3989655447208046e-05,
    -0.03283370048422973,
    0.0,
    0.00019591802220085875,
    -0.19552919649504982,
    1.5522208734276155,
    0.18729099253089745,
    -1.2257013680177382,
    -0.5007540832618196,
    -0.057351943292574876,
    -0.00021663112201538283,
    0.0,
    0.0,
    0.0,
    0.0,
    0.0,
    0.0,
    0.0,
    0.0,
    0.0,
    0.0,
    0.0,
    0.0,
    0.0,
    0.0,
    1.5371861663497803,
    -0.20117616243288464,
    1.2241700755148308,
    0.5042281627630999,
    0.11333309915739262,
    0.000756820646092845,
    0.0,
    0.0,
    0.0,
    0.0,
    0.0,
    0.0,
    0.0,
    0.0,
    0.0,
    0.0,
    0.0,
    0.0,
    0.0,
    0.0,
    0.0,
    0.0,
    0.0
  ],
  "goal_original": [
    8.123466469531009e-05,
    -0.03687417677268411,
    0.0,
    -0.0008046076665385466,
    -0.17712811292069094,
    1.5684355592905137,
    0.17146762079779918,
    -1.2273255344858005,
    -0.5303623083477309,
    0.0028366528931517013,
    -1.4350360182188853e-05,
    0.0,
    0.0,
    0.0,
    0.0,
    0.0,
    0.0,
    0.0,
    0.0,
    0.0,
    0.0,
    0.0,
    0.0,
    0.0,
    0.0,
    1.5632780460337998,
    -0.17321343662545138,
    1.2234723871619109,
    0.5450585147075142,
    0.0016464777943410232,
    5.874099477572552e-05,
    0.0,
    0.0,
    0.0,
    0.0,
    0.0,
    0.0,
    0.0,
    0.0,
    0.0,
    0.0,
    0.0,
    0.0,
    0.0,
    0.0,
    0.0,
    0.0,
    0.0
  ]
}