{
  "n_weights_dim": 100,
  "alpha": 50.0,
  "beta": 12.5,
  "dt": 0.016666666666666666,
  "n_dim": 48,
  "tau_original": 3.1166666666666667,
  "dim_priorities": [
    25,
    29,
    28,
    27,
    26,
    8,
    7,
    0,
    1,
    6,
    5,
    9,
    4,
    2,
    3,
    18,
    17,
    12,
    16,
    15,
    14,
    13,
    20,
    11,
    10,
    19,
    47,
    21,
    37,
    45,
    44,
    43,
    42,
    41,
    40,
    39,
    38,
    36,
    22,
    35,
    34,
    33,
    32,
    31,
    30,
    24,
    46,
    23
  ],
  "start": [
    -0.0100306329875674,
    -0.040020639764425325,
    2.392363644015633e-10,
    -8.39611153598343e-10,
    -0.1999999726511067,
    1.5596631112452937,
    0.14270291640249702,
    -1.2282172755236314,
    -0.522541004585375,
    -0.0004965283045259158,
    0.0,
    0.0,
    0.0,
    0.0,
    0.0,
    0.0,
    0.0,
    0.0,
    0.0,
    0.0,
    0.0,
    0.0,
    0.0,
    0.0,
    0.0,
    1.5590000205890437,
    -0.14231329377166646,
    1.2283428448578004,
    0.52279408650832,
    0.0006964656794552482,
    0.0,
    0.0,
    0.0,
    0.0,
    0.0,
    0.0,
    0.0,
    0.0,
    0.0,
    0.0,
    0.0,
    0.0,
    0.0,
    0.0,
    0.0,
    0.0,
    0.0,
    0.0
  ],
  "goal_original": [
    -0.040651971041759716,
    -0.05577055510210102,
    9.754639126182927e-06,
    7.659472859567854e-06,
    -0.2002766843027634,
    1.5624581281453753,
    0.14178763036132738,
    -1.2251344725034896,
    -0.41796993286530804,
    -0.0001571679761141493,
    0.0,
    0.0,
    0.0,
    0.0,
    0.0,
    0.0,
    0.0,
    0.0,
    0.0,
    0.0,
    0.0,
    0.0,
    0.0,
    0.0,
    0.0,
    -0.04193653258627879,
    -0.09422243429667133,
    0.582885137829619,
    1.518877260096317,
    1.3882779271552612,
    0.0,
    0.0,
    0.0,
    0.0,
    0.0,
    0.0,
    0.0,
    0.0,
    0.0,
    0.0,
    0.0,
    0.0,
    0.0,
    0.0,
    0.0,
    0.0,
    0.0,
    0.0
  ]
}